<?xml version="1.0" encoding="utf-8" ?>
<manifest>
  <control namespace="Nuance" constructor="SpeechToTextControl" version="1.31.0" display-name-key="SpeechToTextControl" description-key="SpeechToTextControl description" control-type="standard">
    <!--external-service-usage node declares whether this 3rd party PCF control is using external service or not, if yes, this control will be considered as premium and please also add the external domain it is using.
    If it is not using any external service, please set the enabled="false" and DO NOT add any domain below. The "enabled" will be false by default.
    Example1:
      <external-service-usage enabled="true">
        <domain>www.Microsoft.com</domain>
      </external-service-usage>
    Example2:
      <external-service-usage enabled="false">
      </external-service-usage>
    -->

    <external-service-usage enabled="true">
      <domain>speechanywhere.nuancehdp.com</domain>
    </external-service-usage>
    <!-- property node identifies a specific, configurable piece of data that the control expects from CDS -->
    <type-group name="inputtypes">
      <type>SingleLine.TextArea</type>
    </type-group>

    <property name="TransformedText" display-name-key="TransformedText" description-key="Output from Nuance SDk speech to text" of-type-group="inputtypes" usage="bound" required="true" />
    <property name="NUSA_userId" display-name-key="NUSA_userId" description-key="NUSA_userId" of-type="SingleLine.TextArea" usage="input" required="true" />
    <property name="NUSA_applicationName" display-name-key="NUSA_applicationName" description-key="NUSA_applicationName" of-type="SingleLine.TextArea" usage="input" required="true" />
    <property name="NUSA_Guids" display-name-key="NUSA_Guids" description-key="NUSA_Guids" of-type="SingleLine.TextArea" usage="input" required="true" />
    <property name="NUSA_service" display-name-key="NUSA_service" description-key="NUSA_service" of-type="SingleLine.TextArea" usage="input" required="true" />
    <property name="NUSA_language" display-name-key="NUSA_language" description-key="NUSA_language" of-type="SingleLine.TextArea" usage="input" required="true" />
    <property name="gapBetweenElements" display-name-key="gapBetweenElements" description-key="gapBetweenElements" of-type="Whole.None" usage="input" required="false" default-value="30" />
    <property name="buttonColorHEX" display-name-key="buttonColorHEX" description-key="buttonColorHEX" of-type="SingleLine.TextArea" usage="input" required="false" default-value="#0078d4" />
    <property name="buttonTextColorHEX" display-name-key="buttonTextColorHEX" description-key="buttonTextColorHEX" of-type="SingleLine.TextArea" usage="input" required="false" default-value="#ffffff" />
    <property name="buttonColorHoveredHEX" display-name-key="buttonColorHoveredHEX" description-key="buttonColorHoveredHEX" of-type="SingleLine.TextArea" usage="input" required="false" default-value="#00008b" />
    <property name="buttonTextColorHoveredHEX" display-name-key="buttonTextColorHoveredHEX" description-key="buttonTextColorHoveredHEX" of-type="SingleLine.TextArea" usage="input" required="false" default-value="#ffffff" />
    <property name="buttonColorPressedHEX" display-name-key="buttonColorPressedHEX" description-key="buttonColorPressedHEX" of-type="SingleLine.TextArea" usage="input" required="false" default-value="#00008b" />
    <property name="buttonTextColorPressedHEX" display-name-key="buttonTextColorPressedHEX" description-key="buttonTextColorPressedHEX" of-type="SingleLine.TextArea" usage="input" required="false" default-value="#ffffff" />
    <property name="iconColorRecordHEX" display-name-key="iconColorRecordHEX" description-key="iconColorRecordHEX" of-type="SingleLine.TextArea" usage="input" required="false" default-value="#ffffff" />
    <property name="iconColorStopHEX" display-name-key="iconColorStopHEX" description-key="iconColorStopHEX" of-type="SingleLine.TextArea" usage="input" required="false" default-value="#ffffff" />
    <!-- 
      Property node's of-type attribute can be of-type-group attribute. 
      Example:
      <type-group name="numbers">
        <type>Whole.None</type>
        <type>Currency</type>
        <type>FP</type>
        <type>Decimal</type>
      </type-group>
      <property name="sampleProperty" display-name-key="Property_Display_Key" description-key="Property_Desc_Key" of-type-group="numbers" usage="bound" required="true" />
    -->
    <resources>
      <code path="index.ts" order="1"/>
      <css path="css/App.css" order="1" />
      <!-- UNCOMMENT TO ADD MORE RESOURCES
      <resx path="strings/SpeechToTextControl.1033.resx" version="1.0.0" />
      -->
    </resources>
    <!-- UNCOMMENT TO ENABLE THE SPECIFIED API
    <feature-usage>
      <uses-feature name="Device.captureAudio" required="true" />
      <uses-feature name="Device.captureImage" required="true" />
      <uses-feature name="Device.captureVideo" required="true" />
      <uses-feature name="Device.getBarcodeValue" required="true" />
      <uses-feature name="Device.getCurrentPosition" required="true" />
      <uses-feature name="Device.pickFile" required="true" />
      <uses-feature name="Utility" required="true" />
      <uses-feature name="WebAPI" required="true" />
    </feature-usage>
    -->
  </control>
</manifest>