<ImportExportXml xmlns:xsi="http://www.w3.org/2001/XMLSchema-instance">
  <Entities></Entities>
  <Roles></Roles>
  <Workflows></Workflows>
  <FieldSecurityProfiles></FieldSecurityProfiles>
  <Templates />
  <EntityMaps />
  <EntityRelationships />
  <OrganizationSettings />
  <optionsets />
  <CustomControls />
  <EntityDataProviders />
  <CanvasApps>
    <CanvasApp>
      <Name>cr0cb_nuancenlp_47fe9</Name>
      <AppVersion>2022-02-08T09:58:48Z</AppVersion>
      <Status>Ready</Status>
      <CreatedByClientVersion>3.21101.26.0</CreatedByClientVersion>
      <MinClientVersion>3.21101.26.0</MinClientVersion>
      <Tags>{"primaryDeviceWidth":"1366","primaryDeviceHeight":"768","sienaVersion":"21a549d8-aada-4f4f-91d3-e9a35339f665","deviceCapabilities":"","supportsPortrait":"true","supportsLandscape":"true","primaryFormFactor":"Tablet","publisherVersion":"3.21101.26","minimumRequiredApiVersion":"2.2.0","hasComponent":"false","hasUnlockedComponent":"false","isUnifiedRootApp":"false"}</Tags>
      <IsCdsUpgraded>0</IsCdsUpgraded>
      <GalleryItemId xsi:nil="true"></GalleryItemId>
      <BackgroundColor>rgba(255, 255, 255, 1)</BackgroundColor>
      <DisplayName>Nuance NLP</DisplayName>
      <Description xsi:nil="true"></Description>
      <CommitMessage xsi:nil="true"></CommitMessage>
      <Publisher xsi:nil="true"></Publisher>
      <AuthorizationReferences>[]</AuthorizationReferences>
      <ConnectionReferences>{"d012b45d-c143-41e9-8f25-c2d41604165f":{"id":"/providers/microsoft.powerapps/apis/shared_logicflows","displayName":"Logic flows","iconUri":"https://connectoricons-prod.azureedge.net/releases/v1.0.1534/1.0.1534.2605/logicflows/icon.png","dataSources":["ConvertNuanceTranscription"],"dependencies":["99fcd003-bc82-40b7-a925-e557b1f71ab0"],"dependents":[],"parameterHints":{"workflowName":{"value":"8823124d-73f1-4648-8fcd-e36a2850a8a5"},"workflowEntityId":{},"99fcd003-bc82-40b7-a925-e557b1f71ab0":{"value":"shared_commondataserviceforapps"}},"parameterHintsV2":{"workflowName":{"value":"8823124d-73f1-4648-8fcd-e36a2850a8a5"},"workflowEntityId":{},"shared_commondataserviceforapps":{"value":"99fcd003-bc82-40b7-a925-e557b1f71ab0"}},"isOnPremiseConnection":false,"bypassConsent":false,"dataSets":{},"apiTier":"Standard","actions":["Run"]},"99fcd003-bc82-40b7-a925-e557b1f71ab0":{"id":"/providers/microsoft.powerapps/apis/shared_commondataserviceforapps","displayName":"Microsoft Dataverse","iconUri":"https://connectoricons-prod.azureedge.net/releases/v1.0.1513/1.0.1513.2549/commondataserviceforapps/icon.png","dataSources":[],"dependencies":[],"dependents":["d012b45d-c143-41e9-8f25-c2d41604165f","b54571ae-e801-4a6b-923c-720a2ddd18e8"],"parameterHints":{},"parameterHintsV2":{},"isOnPremiseConnection":false,"bypassConsent":false,"dataSets":{},"apiTier":"Premium"},"b54571ae-e801-4a6b-923c-720a2ddd18e8":{"id":"/providers/microsoft.powerapps/apis/shared_logicflows","displayName":"Logic flows","iconUri":"https://connectoricons-prod.azureedge.net/releases/v1.0.1534/1.0.1534.2605/logicflows/icon.png","dataSources":["ParseTA4HContent"],"dependencies":["99fcd003-bc82-40b7-a925-e557b1f71ab0"],"dependents":[],"parameterHints":{"workflowName":{"value":"f3e4ffab-f3c1-4641-ab42-9fff6408b4f6"},"workflowEntityId":{},"99fcd003-bc82-40b7-a925-e557b1f71ab0":{"value":"shared_commondataserviceforapps"}},"parameterHintsV2":{"workflowName":{"value":"f3e4ffab-f3c1-4641-ab42-9fff6408b4f6"},"workflowEntityId":{},"shared_commondataserviceforapps":{"value":"99fcd003-bc82-40b7-a925-e557b1f71ab0"}},"isOnPremiseConnection":false,"bypassConsent":false,"dataSets":{},"apiTier":"Standard","actions":["Run"]}}</ConnectionReferences>
      <DatabaseReferences>{"default.cds":{"databaseDetails":{"referenceType":"Environmental","environmentName":"default.cds","overrideValues":{"status":"NotSpecified"}},"dataSources":{"Recordings":{"entitySetName":"cr4da_recordingses","logicalName":"cr4da_recordings"}},"components":[{"componentName":"CustomControl","identifier":"bh_MSFT.NuanceSpeechToTextControl","identifierType":"LogicalName","capabilities":{"pcfExternalServiceUsageAllowed":true}}]}}</DatabaseReferences>
      <AppComponents>[]</AppComponents>
      <AppComponentDependencies>[]</AppComponentDependencies>
      <CanConsumeAppPass>1</CanConsumeAppPass>
      <CanvasAppType>0</CanvasAppType>
      <BypassConsent>0</BypassConsent>
      <AdminControlBypassConsent>0</AdminControlBypassConsent>
      <EmbeddedApp xsi:nil="true"></EmbeddedApp>
      <IntroducedVersion>1.0</IntroducedVersion>
      <CdsDependencies>{"cdsdependencies":[{"logicalname":"cr4da_recordings","componenttype":1},{"dependencyid":"","logicalname":"bh_MSFT.NuanceSpeechToTextControl","componenttype":66,"componenttypeplatformname":"CustomControl"}]}</CdsDependencies>
      <IsCustomizable>1</IsCustomizable>
      <BackgroundImageUri>/CanvasApps/cr0cb_nuancenlp_47fe9_BackgroundImageUri</BackgroundImageUri>
      <DocumentUri>/CanvasApps/cr0cb_nuancenlp_47fe9_DocumentUri.msapp</DocumentUri>
    </CanvasApp>
  </CanvasApps>
  <Languages>
    <Language>1033</Language>
  </Languages>
</ImportExportXml>