<manifest><control namespace="MSFT" constructor="NuanceSpeechToTextControl" version="1.31.0" display-name-key="NuanceSpeechToTextControl" description-key="NuanceSpeechToTextControl description" control-type="standard" api-version="1.3.3"><external-service-usage enabled="true"><domain>speechanywhere.nuancehdp.com</domain></external-service-usage><type-group name="inputtypes"><type>SingleLine.TextArea</type></type-group><property name="TransformedText" display-name-key="TransformedText" description-key="Output from Nuance SDk speech to text" of-type-group="inputtypes" usage="bound" required="true" /><property name="NUSA_userId" display-name-key="NUSA_userId" description-key="NUSA_userId" of-type="SingleLine.TextArea" usage="input" required="true" /><property name="NUSA_applicationName" display-name-key="NUSA_applicationName" description-key="NUSA_applicationName" of-type="SingleLine.TextArea" usage="input" required="true" /><property name="NUSA_Guids" display-name-key="NUSA_Guids" description-key="NUSA_Guids" of-type="SingleLine.TextArea" usage="input" required="true" /><property name="NUSA_service" display-name-key="NUSA_service" description-key="NUSA_service" of-type="SingleLine.TextArea" usage="input" required="true" /><property name="NUSA_language" display-name-key="NUSA_language" description-key="NUSA_language" of-type="SingleLine.TextArea" usage="input" required="true" /><property name="gapBetweenElements" display-name-key="gapBetweenElements" description-key="gapBetweenElements" of-type="Whole.None" usage="input" required="false" default-value="30" /><property name="buttonColorHEX" display-name-key="buttonColorHEX" description-key="buttonColorHEX" of-type="SingleLine.TextArea" usage="input" required="false" default-value="#0078d4" /><property name="buttonTextColorHEX" display-name-key="buttonTextColorHEX" description-key="buttonTextColorHEX" of-type="SingleLine.TextArea" usage="input" required="false" default-value="#ffffff" /><property name="buttonColorHoveredHEX" display-name-key="buttonColorHoveredHEX" description-key="buttonColorHoveredHEX" of-type="SingleLine.TextArea" usage="input" required="false" default-value="#00008b" /><property name="buttonTextColorHoveredHEX" display-name-key="buttonTextColorHoveredHEX" description-key="buttonTextColorHoveredHEX" of-type="SingleLine.TextArea" usage="input" required="false" default-value="#ffffff" /><property name="buttonColorPressedHEX" display-name-key="buttonColorPressedHEX" description-key="buttonColorPressedHEX" of-type="SingleLine.TextArea" usage="input" required="false" default-value="#00008b" /><property name="buttonTextColorPressedHEX" display-name-key="buttonTextColorPressedHEX" description-key="buttonTextColorPressedHEX" of-type="SingleLine.TextArea" usage="input" required="false" default-value="#ffffff" /><property name="iconColorRecordHEX" display-name-key="iconColorRecordHEX" description-key="iconColorRecordHEX" of-type="SingleLine.TextArea" usage="input" required="false" default-value="#ffffff" /><property name="iconColorStopHEX" display-name-key="iconColorStopHEX" description-key="iconColorStopHEX" of-type="SingleLine.TextArea" usage="input" required="false" default-value="#ffffff" /><resources><code path="bundle.js" order="1" /><css path="css/App.css" order="1" /></resources><built-by name="pac" version="1.9.9" /></control></manifest>