<manifest><control namespace="Nuance" constructor="SpeechToTextControl" version="1.6.0" display-name-key="SpeechToTextControl" description-key="SpeechToTextControl description" control-type="standard" api-version="1.3.3"><external-service-usage enabled="true"><domain>speechanywhere.nuancehdp.com</domain></external-service-usage><type-group name="inputtypes"><type>SingleLine.TextArea</type></type-group><property name="TransformedText" display-name-key="TransformedText" description-key="Output from Nuance SDk speech to text" of-type-group="inputtypes" usage="bound" required="true" /><property name="NUSA_userId" display-name-key="NUSA_userId" description-key="NUSA_userId" of-type="SingleLine.TextArea" usage="input" required="true" /><property name="NUSA_applicationName" display-name-key="NUSA_applicationName" description-key="NUSA_applicationName" of-type="SingleLine.TextArea" usage="input" required="true" /><property name="NUSA_Guids" display-name-key="NUSA_Guids" description-key="NUSA_Guids" of-type="SingleLine.TextArea" usage="input" required="true" /><property name="NUSA_service" display-name-key="NUSA_service" description-key="NUSA_service" of-type="SingleLine.TextArea" usage="input" required="true" /><property name="NUSA_language" display-name-key="NUSA_language" description-key="NUSA_language" of-type="SingleLine.TextArea" usage="input" required="true" /><resources><code path="bundle.js" order="1" /><css path="css/App.css" order="1" /></resources><built-by name="pac" version="1.9.9" /></control></manifest>