<ImportExportXml xmlns:xsi="http://www.w3.org/2001/XMLSchema-instance">
  <Entities>
    <Entity>
      <Name LocalizedName="Favourite" OriginalName="Favourite">stq_Favourite</Name>
      <EntityInfo>
        <entity Name="stq_Favourite" unmodified="1">
          <attributes />
        </entity>
      </EntityInfo>
      <RibbonDiffXml>
        <CustomActions />
        <Templates>
          <RibbonTemplates Id="Mscrm.Templates"></RibbonTemplates>
        </Templates>
        <CommandDefinitions />
        <RuleDefinitions>
          <TabDisplayRules />
          <DisplayRules />
          <EnableRules />
        </RuleDefinitions>
        <LocLabels />
      </RibbonDiffXml>
    </Entity>
  </Entities>
  <Roles></Roles>
  <Workflows></Workflows>
  <FieldSecurityProfiles></FieldSecurityProfiles>
  <Templates />
  <EntityMaps />
  <EntityRelationships />
  <OrganizationSettings />
  <optionsets />
  <CustomControls>
    <CustomControl>
      <Name>wh_wehealth.SpeechToTextCtrl</Name>
      <FileName>/Controls/wh_wehealth.SpeechToTextCtrl/ControlManifest.xml</FileName>
    </CustomControl>
  </CustomControls>
  <EntityDataProviders />
  <CanvasApps>
    <CanvasApp>
      <Name>wh_nursereportings_315df</Name>
      <AppVersion>2022-12-19T15:03:57Z</AppVersion>
      <Status>Ready</Status>
      <CreatedByClientVersion>3.22121.19.0</CreatedByClientVersion>
      <MinClientVersion>3.22121.19.0</MinClientVersion>
      <Tags>{"primaryDeviceWidth":"640","primaryDeviceHeight":"1136","sienaVersion":"20221219T145947Z-3.22121.19.0","deviceCapabilities":"","supportsPortrait":"true","supportsLandscape":"true","primaryFormFactor":"Phone","publisherVersion":"3.22121.19","minimumRequiredApiVersion":"2.2.0","hasComponent":"true","hasUnlockedComponent":"true","isUnifiedRootApp":"false"}</Tags>
      <IsCdsUpgraded>0</IsCdsUpgraded>
      <GalleryItemId xsi:nil="true"></GalleryItemId>
      <BackgroundColor>rgba(241, 244, 249, 1)</BackgroundColor>
      <DisplayName>Nurse-Reportings</DisplayName>
      <Description>Easy reporting as handsfree as possible</Description>
      <CommitMessage xsi:nil="true"></CommitMessage>
      <Publisher></Publisher>
      <AuthorizationReferences>[]</AuthorizationReferences>
      <ConnectionReferences>{"557e459e-3d26-4db1-8fda-915b72d993f1":{"id":"/providers/microsoft.powerapps/apis/shared_office365users","displayName":"Office 365 Users","iconUri":"https://connectoricons-prod.azureedge.net/releases/v1.0.1611/1.0.1611.3104/office365users/icon.png","dataSources":["Office365Users"],"dependencies":[],"dependents":[],"parameterHints":{},"parameterHintsV2":{},"isOnPremiseConnection":false,"bypassConsent":false,"dataSets":{},"apiTier":"Standard","actions":["UserProfile","UserPhotoV2","UserPhotoMetadata","UserProfileV2"],"isCustomApiSolutionAware":false},"24381b6f-921d-4484-80c6-8c30d7f61266":{"id":"/providers/microsoft.powerapps/apis/shared_fhirbase-20-2d-201-5f1951528c332636b9-5fb5bad86251c1b4ab","displayName":"FHIRBase - 1","iconUri":"https://az787822.vo.msecnd.net/defaulticons/api-dedicated.png","dataSources":["FHIRBase_1"],"dependencies":[],"dependents":[],"parameterHints":{},"parameterHintsV2":{},"isOnPremiseConnection":false,"bypassConsent":false,"dataSets":{},"apiTier":"Standard","actions":["GET_Patient"],"customApiLogicalName":"wh_fhirbase-20-2d-201","isCustomApiSolutionAware":true},"c67c47f6-0894-4e83-9e08-b1e582485ee7":{"id":"/providers/microsoft.powerapps/apis/shared_fhirclinical-20-2d-201-5f1951528c332636b9-5fb5bad86251c1b4ab","displayName":"FHIRClinical - 1","iconUri":"https://az787822.vo.msecnd.net/defaulticons/api-dedicated.png","dataSources":["FHIRClinical"],"dependencies":[],"dependents":[],"parameterHints":{},"parameterHintsV2":{},"isOnPremiseConnection":false,"bypassConsent":false,"dataSets":{},"apiTier":"Standard","actions":["GET_Observation"],"customApiLogicalName":"wh_fhirclinical-20-2d-201","isCustomApiSolutionAware":true},"249df175-4cee-49d5-8efa-66d290de5cd8":{"id":"/providers/microsoft.powerapps/apis/shared_shifts","displayName":"Shifts for Microsoft Teams","iconUri":"https://connectoricons-prod.azureedge.net/releases/v1.0.1544/1.0.1544.2640/shifts/icon.png","dataSources":["ShiftsforMicrosoftTeams"],"dependencies":[],"dependents":[],"parameterHints":{},"parameterHintsV2":{},"isOnPremiseConnection":false,"bypassConsent":false,"dataSets":{},"apiTier":"Standard","actions":["ListSchedulingGroups","ListShifts","GetSchedulingGroup"],"isCustomApiSolutionAware":false},"899653cf-7c21-4106-b139-6a6e3c9965d8":{"id":"/providers/microsoft.powerapps/apis/shared_teams","displayName":"Microsoft Teams","iconUri":"https://connectoricons-prod.azureedge.net/releases/v1.0.1612/1.0.1612.3109/teams/icon.png","dataSources":["MicrosoftTeams"],"dependencies":[],"dependents":[],"parameterHints":{},"parameterHintsV2":{},"isOnPremiseConnection":false,"bypassConsent":false,"dataSets":{},"apiTier":"Standard","isCustomApiSolutionAware":false},"6b5f7f68-c7d8-46c6-8162-5f0b7b8df808":{"id":"/providers/microsoft.powerapps/apis/shared_office365groups","displayName":"Office 365 Groups","iconUri":"https://connectoricons-prod.azureedge.net/u/juanq/releases/v1.0.1609-localization/1.0.1609.3085/office365groups/icon.png","dataSources":["Office365Groups"],"dependencies":[],"dependents":[],"parameterHints":{},"parameterHintsV2":{},"isOnPremiseConnection":false,"bypassConsent":false,"dataSets":{},"apiTier":"Standard","actions":["ListGroupMembers"],"isCustomApiSolutionAware":false}}</ConnectionReferences>
      <DatabaseReferences>{"default.cds":{"databaseDetails":{"referenceType":"Environmental","environmentName":"default.cds","overrideValues":{"status":"NotSpecified"}},"dataSources":{"Favourites":{"entitySetName":"stq_favourites","logicalName":"stq_favourite"}},"components":[{"componentName":"CustomControl","identifier":"wh_wehealth.SpeechToTextCtrl","identifierType":"LogicalName","capabilities":{"pcfExternalServiceUsageAllowed":true}}]}}</DatabaseReferences>
      <AppComponents>[]</AppComponents>
      <AppComponentDependencies>[]</AppComponentDependencies>
      <CanConsumeAppPass>1</CanConsumeAppPass>
      <CanvasAppType>0</CanvasAppType>
      <BypassConsent>0</BypassConsent>
      <AdminControlBypassConsent>0</AdminControlBypassConsent>
      <EmbeddedApp xsi:nil="true"></EmbeddedApp>
      <IntroducedVersion>1.0</IntroducedVersion>
      <CdsDependencies>{"cdsdependencies":[{"logicalname":"wh_fhirbase-20-2d-201","componenttype":372,"componenttypeplatformname":"connector"},{"logicalname":"wh_fhirclinical-20-2d-201","componenttype":372,"componenttypeplatformname":"connector"},{"logicalname":"stq_favourite","componenttype":1},{"dependencyid":"","logicalname":"wh_wehealth.SpeechToTextCtrl","componenttype":66,"componenttypeplatformname":"CustomControl"}]}</CdsDependencies>
      <IsCustomizable>1</IsCustomizable>
      <BackgroundImageUri>/CanvasApps/wh_nursereportings_315df_BackgroundImageUri</BackgroundImageUri>
      <DocumentUri>/CanvasApps/wh_nursereportings_315df_DocumentUri.msapp</DocumentUri>
    </CanvasApp>
  </CanvasApps>
  <Connectors>
    <Connector>
      <connectorid>f2983b7d-3c28-4094-a3f1-34dec0f3c47c</connectorid>
      <description>Microsoft FHIR Server Connector for FHIR R4 Clinical resources.</description>
      <displayname>FHIRClinical - 1</displayname>
      <iconbrandcolor>#007ee5</iconbrandcolor>
      <name>wh_fhirclinical-20-2d-201</name>
      <connectortype>1</connectortype>
      <openapidefinition>/Connector/wh_fhirclinical-20-2d-201_openapidefinition.json</openapidefinition>
      <connectionparameters>/Connector/wh_fhirclinical-20-2d-201_connectionparameters.json</connectionparameters>
      <policytemplateinstances>/Connector/wh_fhirclinical-20-2d-201_policytemplateinstances.json</policytemplateinstances>
      <iconblob>/Connector/wh_fhirclinical-20-2d-201_iconblob.Png</iconblob>
    </Connector>
    <Connector>
      <connectorid>244e390f-4d58-4b77-b63f-82f0b7835330</connectorid>
      <description>Microsoft FHIR Server Connector for FHIR R4 Base resources.</description>
      <displayname>FHIRBase - 1</displayname>
      <iconbrandcolor>#007ee5</iconbrandcolor>
      <name>wh_fhirbase-20-2d-201</name>
      <connectortype>1</connectortype>
      <openapidefinition>/Connector/wh_fhirbase-20-2d-201_openapidefinition.json</openapidefinition>
      <connectionparameters>/Connector/wh_fhirbase-20-2d-201_connectionparameters.json</connectionparameters>
      <policytemplateinstances>/Connector/wh_fhirbase-20-2d-201_policytemplateinstances.json</policytemplateinstances>
      <iconblob>/Connector/wh_fhirbase-20-2d-201_iconblob.Png</iconblob>
    </Connector>
  </Connectors>
  <Languages>
    <Language>1033</Language>
  </Languages>
</ImportExportXml>