<ImportExportXml xmlns:xsi="http://www.w3.org/2001/XMLSchema-instance">
  <Entities></Entities>
  <Roles></Roles>
  <Workflows></Workflows>
  <FieldSecurityProfiles></FieldSecurityProfiles>
  <Templates />
  <EntityMaps />
  <EntityRelationships />
  <OrganizationSettings />
  <optionsets />
  <CustomControls>
    <CustomControl>
      <Name>stq_Nuance.SpeechToTextControl</Name>
      <FileName>/Controls/stq_Nuance.SpeechToTextControl/ControlManifest.xml</FileName>
    </CustomControl>
  </CustomControls>
  <EntityDataProviders />
  <CanvasApps>
    <CanvasApp>
      <Name>new_nursereporting_9423b</Name>
      <AppVersion>2022-04-29T12:47:32Z</AppVersion>
      <Status>Ready</Status>
      <CreatedByClientVersion>3.22043.14.0</CreatedByClientVersion>
      <MinClientVersion>3.22043.14.0</MinClientVersion>
      <Tags>{"primaryDeviceWidth":"640","primaryDeviceHeight":"1136","sienaVersion":"20220429T124038Z-3.22043.14.0","deviceCapabilities":"","supportsPortrait":"true","supportsLandscape":"true","primaryFormFactor":"Phone","publisherVersion":"3.22043.14","minimumRequiredApiVersion":"2.2.0","hasComponent":"false","hasUnlockedComponent":"false","isUnifiedRootApp":"false"}</Tags>
      <IsCdsUpgraded>0</IsCdsUpgraded>
      <GalleryItemId xsi:nil="true"></GalleryItemId>
      <BackgroundColor>rgba(241, 244, 249, 1)</BackgroundColor>
      <DisplayName>Nurse-Reporting</DisplayName>
      <Description>Easy reporting as handsfree as possible</Description>
      <CommitMessage xsi:nil="true"></CommitMessage>
      <Publisher xsi:nil="true"></Publisher>
      <AuthorizationReferences>[]</AuthorizationReferences>
      <ConnectionReferences>{"4530ba3b-f1da-45af-91f5-d11688ac80b0":{"id":"/providers/microsoft.powerapps/apis/shared_fhirbase","displayName":"FHIRBase","iconUri":"https://connectoricons-prod.azureedge.net/releases/v1.0.1573/1.0.1573.2770/fhirbase/icon.png","dataSources":["FHIRBase"],"dependencies":[],"dependents":[],"parameterHints":{},"parameterHintsV2":{},"isOnPremiseConnection":false,"bypassConsent":false,"dataSets":{},"apiTier":"Premium","actions":["GETPatient"]},"e6679218-b2e1-490c-8da9-dad3d5546c9a":{"id":"/providers/microsoft.powerapps/apis/shared_fhirclinical","displayName":"FHIRClinical","iconUri":"https://connectoricons-prod.azureedge.net/releases/v1.0.1410/1.0.1410.2197/fhirclinical/icon.png","dataSources":["FHIRClinical"],"dependencies":[],"dependents":[],"parameterHints":{},"parameterHintsV2":{},"isOnPremiseConnection":false,"bypassConsent":false,"dataSets":{},"apiTier":"Premium","actions":["GETObservation"]},"557e459e-3d26-4db1-8fda-915b72d993f1":{"id":"/providers/microsoft.powerapps/apis/shared_office365users","displayName":"Office 365 Users","iconUri":"https://connectoricons-prod.azureedge.net/releases/v1.0.1573/1.0.1573.2770/office365users/icon.png","dataSources":["Office365Users"],"dependencies":[],"dependents":[],"parameterHints":{},"parameterHintsV2":{},"isOnPremiseConnection":false,"bypassConsent":false,"dataSets":{},"apiTier":"Standard","actions":["UserPhotoV2","UserProfile"]},"1bc03b88-375d-4b2c-bc04-3a539cfdba0a":{"id":"/providers/microsoft.powerapps/apis/shared_logicflows","displayName":"Logic flows","iconUri":"https://connectoricons-prod.azureedge.net/releases/v1.0.1534/1.0.1534.2605/logicflows/icon.png","dataSources":["TextAnalysisFlow"],"dependencies":[],"dependents":[],"parameterHints":{"workflowName":{"value":"492ce335-6f50-4b71-b15d-e5ef87c25f52"},"workflowEntityId":{}},"parameterHintsV2":{"workflowName":{"value":"492ce335-6f50-4b71-b15d-e5ef87c25f52"},"workflowEntityId":{}},"isOnPremiseConnection":false,"bypassConsent":false,"dataSets":{},"apiTier":"Standard","actions":["Run"]}}</ConnectionReferences>
      <DatabaseReferences>{"default.cds":{"databaseDetails":{"referenceType":"Environmental","environmentName":"default.cds","overrideValues":{"status":"NotSpecified"}},"dataSources":{},"components":[{"componentName":"CustomControl","identifier":"stq_Nuance.SpeechToTextControl","identifierType":"LogicalName","capabilities":{"pcfExternalServiceUsageAllowed":true}}]}}</DatabaseReferences>
      <AppComponents>[]</AppComponents>
      <AppComponentDependencies>[]</AppComponentDependencies>
      <CanConsumeAppPass>1</CanConsumeAppPass>
      <CanvasAppType>0</CanvasAppType>
      <BypassConsent>0</BypassConsent>
      <AdminControlBypassConsent>0</AdminControlBypassConsent>
      <EmbeddedApp xsi:nil="true"></EmbeddedApp>
      <IntroducedVersion>1.0</IntroducedVersion>
      <CdsDependencies>{"cdsdependencies":[{"dependencyid":"","logicalname":"stq_Nuance.SpeechToTextControl","componenttype":66,"componenttypeplatformname":"CustomControl"}]}</CdsDependencies>
      <IsCustomizable>1</IsCustomizable>
      <BackgroundImageUri>/CanvasApps/new_nursereporting_9423b_BackgroundImageUri</BackgroundImageUri>
      <DocumentUri>/CanvasApps/new_nursereporting_9423b_DocumentUri.msapp</DocumentUri>
    </CanvasApp>
  </CanvasApps>
  <Languages>
    <Language>1033</Language>
  </Languages>
</ImportExportXml>